T,i,t,l,e
f,i,r,s,t,N,a,m,e
l,a,s,t,N,a,m,e
g,e,n,d,e,r
e,m,a,i,l
H,o,n,o,r,a,b,l,e
A,l,a,s,d,a,i,r
B,e,e,c,k,x
M,a,l,e
a,b,e,e,c,k,x,0,@,u,n,.,o,r,g
D,r
S,a,u,n,d,e,r
M,u,r,n,a,m,e
M,a,l,e
s,m,u,r,n,a,m,e,1,@,f,t,c,.,g,o,v
H,o,n,o,r,a,b,l,e
J,u,l,i,s,s,a
S,p,r,i,d,d,l,e
F,e,m,a,l,e
j,s,p,r,i,d,d,l,e,2,@,c,h,i,c,a,g,o,t,r,i,b,u,n,e,.,c,o,m
R,e,v
B,e,r,n,a,d,e,n,e
P,e,a,k
F,e,m,a,l,e
b,p,e,a,k,3,@,f,c,2,.,c,o,m
M,r,s
C,a,s,s
B,e,r,n,a,r,d,e,s,c,h,i
M,a,l,e
c,b,e,r,n,a,r,d,e,s,c,h,i,4,@,t,e,c,h,n,o,r,a,t,i,.,c,o,m
H,o,n,o,r,a,b,l,e
A,g,g,i
L,i,p,s,o,n
F,e,m,a,l,e
a,l,i,p,s,o,n,5,@,u,c,o,z,.,r,u
M,s
T,r,e,s,c,h,a
D,a,m,a,t,o
F,e,m,a,l,e
t,d,a,m,a,t,o,6,@,s,k,y,r,o,c,k,.,c,o,m
D,r
D,a,v
H,e,a,d,o,n
M,a,l,e
d,h,e,a,d,o,n,7,@,t,e,d,.,c,o,m
H,o,n,o,r,a,b,l,e
N,e,a,l,s,o,n
J,a,n,e,w,a,y
M,a,l,e
n,j,a,n,e,w,a,y,8,@,3,6,0,.,c,n
M,r,s
L,a,n,e,y
T,r,o,b,e,y
F,e,m,a,l,e
l,t,r,o,b,e,y,9,@,e,v,e,n,t,b,r,i,t,e,.,c,o,m
